category,questions
Business Services,"What are the key factors to consider when evaluating the usefulness of a CRM system for a specific business model, and how do they compare to traditional tools like spreadsheets?"
Business Services,"How does one determine if their compensation is aligned with industry standards, especially in emerging startup environments?"
Business Services,"What are the best practices for calculating pricing for business services, including optimal margins, and how do they adapt in crisis situations?"
Business Services,"How does a company decide between various B2B payment solutions like balance, Stripe, Shopify Payments, or Chargebee, and what are the unique advantages of each?"
Business Services,"What are the essential elements to include in legal agreements for startups, particularly in the SaaS and Web3 industries, to ensure compliance and protection?"
Business Services,What should startups consider when selecting a third-party identity and address verification service provider that is cost-effective and easily integrates with mobile platforms like Flutter?
Business Services,"How effective are online business formation sites like CorpNet, Zenbusiness, and Bizee for setting up businesses in offshore locations, and which site is preferred for each specific location?"
Business Services,"In the context of transcription services, how can businesses evaluate the quality and value of offerings from different providers like Tegus, Third Bridge, and GP?"
Business Services,What strategies can small and medium-sized environmental consultancy firms employ to capitalize on emerging trends such as the New Productive Force (NPF) in China?
Business Services,How can companies in the sustainability and environmental consultancy sector differentiate themselves from larger competitors in the face of growing demand for green solutions?
Consumer Discretionary,How do tariff changes impact consumer discretionary sectors such as retail and automotive?
Consumer Discretionary,How are companies in the consumer discretionary category adapting to supply chain disruptions?
Consumer Discretionary,What are the potential financial impacts of geopolitical tensions on consumer discretionary industries?
Consumer Discretionary,"How does consumer behavior shift during economic downturns, and what strategies can consumer discretionary companies adopt to maintain growth?"
Consumer Discretionary,How do digital and e-commerce trends reshape traditional consumer discretionary markets?
Consumer Discretionary,In what ways are emerging technologies like AI and autonomous vehicles shaping consumer discretionary markets?
Consumer Discretionary,What factors contribute to the growth and profitability of companies within the Consumer Discretionary sector?
Consumer Discretionary,In what ways have consumer behaviors and preferences shifted post-pandemic in relation to the Consumer Discretionary industry?
Consumer Discretionary,"How do macroeconomic indicators, such as employment rates and consumer confidence, affect the Consumer Discretionary sector?"
Consumer Discretionary,What trends are emerging in the Consumer Discretionary sector that are reshaping business models and consumer interactions?
Diversified,What are the benefits of having a diversified investment portfolio?
Diversified,How can diversification help in managing risk?
Diversified,What strategies can individuals use to diversify their investments?
Diversified,How can investors assess whether their portfolio is adequately diversified?
Diversified,What role does asset allocation play in achieving diversification?
Diversified,How do market conditions influence the effectiveness of diversification?
Diversified,What are some common myths or misconceptions about diversification in investing?
Diversified,What role does diversification play in mutual funds and ETFs?
Diversified,"Can over-diversification negatively impact investment returns, and how can this be avoided?"
Diversified,How has the concept of diversification evolved with the emergence of new asset classes like cryptocurrencies?
Energy & Utilities,"What are the key factors influencing current energy market volatility, especially in oil and gas trading?"
Energy & Utilities,What role does renewable energy play in the diversification of energy trading portfolios?
Energy & Utilities,How do geopolitical events and government policies impact energy market trends and investment strategies?
Energy & Utilities,What are the risks and rewards associated with investing in pre-IPO energy companies?
Energy & Utilities,How is the increasing energy demand from AI and cloud computing sectors affecting energy supply strategies?
Energy & Utilities,What strategies can investors use to identify undervalued stocks in the energy sector?
Energy & Utilities,How does offshore drilling compare to shale production in terms of cost efficiency and market resilience?
Energy & Utilities,What factors should be considered when evaluating the financial health and potential growth of energy companies like Valaris?
Energy & Utilities,What are the risks and rewards associated with investing in pre-IPO energy companies?
Energy & Utilities,How do market conditions affect the viability of aggressive investment strategies in the energy sector?
Financial & Insurance Services,How is financial technology influencing financial inclusion and what implications does it have for the future of financial services?
Financial & Insurance Services,How can fintech innovations enhance credit risk modeling and improve decision-making processes in financial institutions?
Financial & Insurance Services,"How do established banks and financial institutions view the rise of fintech companies, and what strategies are they using to adapt?"
Financial & Insurance Services,How are data science and AI technologies being integrated into the financial services sector to analyze large datasets and influence business decisions?
Financial & Insurance Services,"What role do secure digital payment systems, like those leveraging blockchain technology, play in reducing transaction costs and enhancing the scalability of financial services?"
Financial & Insurance Services,"How are fintech startups addressing traditional barriers to banking and financing, particularly for underbanked or non-traditional customers?"
Financial & Insurance Services,"What role do regulatory bodies play in the development and adoption of fintech innovations, and how can compliance be effectively managed?"
Financial & Insurance Services,What are the ethical considerations fintech startups need to keep in mind when developing AI-powered financial solutions?
Financial & Insurance Services,"How are advancements in fintech being influenced by emerging technologies like blockchain, and what potential do these technologies hold for disrupting traditional banking models?"
Financial & Insurance Services,What strategies should startups in the fintech sector employ to effectively navigate regulatory compliance without hindering innovation and product development?
Healthcare,"What are the potential impacts of competition on the growth potential of healthcare companies, particularly those dealing with opioid treatments?"
Healthcare,"How do regulatory changes, such as Medicaid enrolment adjustments, affect the financial projections of healthcare firms?"
Healthcare,"How do innovations like telehealth platforms change the landscape for healthcare delivery, and what challenges do they present?"
Healthcare,How can investors assess the valuation of healthcare companies involved in breakthrough drug development for conditions like Alzheimerâ€™s?
Healthcare,"What are the challenges in gaining market approval for new drugs in the US and EU, and how do they differ?"
Healthcare,"In what ways are healthcare technology companies contributing to personalized medicine, and what are the prospects for their growth?"
Healthcare,"How do developments in gene editing technology affect the future of treatment for genetic diseases, and what regulatory hurdles might they face?"
Healthcare,What strategies can healthcare companies use to enhance consumer trust and expand their market share in innovative medical technologies?
Healthcare,"What are the implications of foreign patent infringement on the US pharmaceutical industry, and how might companies mitigate these risks?"
Healthcare,"What legal frameworks are in place to address potential securities fraud within the healthcare sector, and how effective are they?"
Industrials,What are the key factors for success in a career in operations within industrial companies?
Industrials,How do tariffs and trade policies impact the industrial sector and global supply chains?
Industrials,How does reindustrialization affect the industrial economy and manufacturing jobs?
Industrials,"What role does innovation in technology, like eVTOL and solid-state batteries, play in advancing the industrial sector?"
Industrials,How can companies benefit from the U.S. military's increased spending on defense and aerospace?
Industrials,How does institutional investment influence the growth and stability of industrial stocks?
Industrials,How do factors like debt-to-equity ratio and earnings performance affect the financial health of industrial companies?
Industrials,What are the potential risks and challenges faced by companies involved in international trade amidst rising geopolitical tensions?
Industrials,"How does the development of new manufacturing technologies, such as 3D printing and automation, influence industrial productivity and efficiency?"
Industrials,How do tariffs and trade policies impact the industrial sector and global supply chains?
Information Technology,"What are the common challenges developers face when integrating APIs, such as Plaid, into their applications?"
Information Technology,What role do AI-driven solutions play in transforming traditional lending practices in fintech?
Information Technology,How do fintech companies ensure compliance with ever-changing regulations in their product developments?
Information Technology,How can AI and machine learning enhance fraud detection in digital payment systems?
Information Technology,How does the integration of AI in fintech products affect user experience and customer trust?
Information Technology,In what ways are AI and machine learning transforming risk management and compliance in financial services?
Information Technology,What are the key factors to consider when enhancing cybersecurity measures in fintech firms?
Information Technology,What role do new technologies like blockchain and AI play in the transformation of traditional industries such as finance and recruitment?
Information Technology,How do strategic acquisitions and partnerships affect the market positioning of technology companies?
Information Technology,What challenges do tech companies face in maintaining market leadership amidst rapid technological advancements and geopolitical factors?
Raw Materials & Natural Resources,How do geopolitical tensions and trade wars impact the prices of natural resources like gold and silver?
Raw Materials & Natural Resources,What are the implications of a country controlling a significant portion of the world's rare earth elements on global markets?
Raw Materials & Natural Resources,How do tariffs and import/export controls affect the supply and demand balance in the commodities market?
Raw Materials & Natural Resources,"What is the role of OPEC in maintaining crude oil prices, and how do geopolitical factors influence their decisions?"
Raw Materials & Natural Resources,How do interest rate changes and inflation expectations impact commodities such as gold?
Raw Materials & Natural Resources,What strategies can investors use to hedge against risks in the natural resources sector?
Raw Materials & Natural Resources,How does the U.S. dependency on foreign minerals for technology and defense affect its economic and security policies?
Raw Materials & Natural Resources,What environmental and economic challenges are associated with increasing domestic mining and mineral production?
Raw Materials & Natural Resources,How could technological advancements impact the mining and extraction of critical minerals and rare earth elements?
Raw Materials & Natural Resources,How do market speculations and investor sentiments drive fluctuations in commodity prices?
Real Estate,What are the benefits and drawbacks of off-market real estate investments for wholesalers and investors?
Real Estate,"How do hedge funds typically evaluate and decide on real estate investment opportunities, especially for off-market properties?"
Real Estate,How do fluctuations in mortgage rates impact the strategies of real estate investors and buyers?
Real Estate,"How can real estate investments be used as a hedge against inflation, and what are the associated risks?"
Real Estate,What are the potential red flags when investing in real estate funds that promise guaranteed returns?
Real Estate,"How do joint ventures work in real estate, and what should parties bring to the table for successful collaboration?"
Real Estate,What are the considerations for investing in real estate-focused private equity versus REITs or apartment funds?
Real Estate,How do fractional ownership and Islamic finance principles intersect in real estate investment platforms?
Real Estate,What factors should potential investors consider when looking for partnerships or brokers in international real estate markets?
Real Estate,What are the challenges and advantages of finding family-friendly rental locations in major cities like London?
Telecoms & Media,- What are the potential long-term implications of tariffs on the global telecom and media industries?
Telecoms & Media,"- How does China's geopolitical stance, particularly regarding Taiwan, affect global tech and media markets?"
Telecoms & Media,- How are traditional media companies adapting their business models in response to the rise of streaming services and changes in consumer behavior?
Telecoms & Media,- How might new advertising models in gaming platforms like Roblox impact the broader advertising industry?
Telecoms & Media,"- How has the metaverse concept evolved in the tech industry, and what are the current challenges faced by companies like Meta in this space?"
Telecoms & Media,"- What are the strategic growth opportunities for telecom companies in expanding 5G connectivity, particularly in rural areas?"
Telecoms & Media,- In what ways are U.S. tech companies like Apple and Google perceived differently internationally in terms of trustworthiness and market reliability?
Telecoms & Media,- How could potential EU regulations and taxes on U.S. internet companies impact these businesses and their stock valuations?
Telecoms & Media,- In what ways are social media platforms adjusting to competitive pressures from apps like TikTok and Snapchat?
Telecoms & Media,- How do companies like Google and Meta navigate economic recessions compared to traditional industries like fast food?
Unknown,What strategies can be used to approach and overcome the fear of the unknown?
Unknown,How can the concept of the unknown be beneficial in personal growth and innovation?
Unknown,In what ways does the unknown influence decision-making processes?
Unknown,How do different cultures interpret and deal with the unknown?
Unknown,What role does trust play when facing unknown situations or challenges?
Unknown,How can we prepare ourselves mentally and emotionally for encountering the unknown?
Unknown,What are some historical examples where embracing the unknown led to significant breakthroughs?
Unknown,How do scientists and researchers approach the unknown in their fields of study?
Unknown,What is the impact of technology in reducing or increasing the perception of the unknown?
Unknown,How does the unknown affect interpersonal relationships and communication?
